ticker,target,split,model,level,n,accuracy,macro_f1,roc_auc,tn,fp,fn,tp
GME,y_dir,chronological,random,post,116,0.4741,0.4732,,30,39,22,25
GME,y_dir,chronological,random,day,25,0.52,0.513,,5,8,4,8
GME,y_dir,chronological,majority,post,116,0.5948,0.373,,69,0,47,0
GME,y_dir,chronological,majority,day,25,0.52,0.3421,,13,0,12,0
GME,y_dir,chronological,logreg_newton,post,116,0.5948,0.373,0.4974,69,0,47,0
GME,y_dir,chronological,logreg_newton,day,25,0.52,0.3421,0.5064,13,0,12,0
GME,y_dir,chronological,nn_3x256,post,116,0.5948,0.373,0.465,69,0,47,0
GME,y_dir,chronological,nn_3x256,day,25,0.52,0.3421,0.5,13,0,12,0
GME,y_dir,random_posts,random,post,2942,0.4969,0.466,,1085,1151,329,377
GME,y_dir,random_posts,random,day,102,0.5784,0.5784,,29,25,18,30
GME,y_dir,random_posts,majority,post,2942,0.76,0.4318,,2236,0,706,0
GME,y_dir,random_posts,majority,day,102,0.5294,0.3462,,54,0,48,0
GME,y_dir,random_posts,logreg_newton,post,2942,0.7576,0.4311,0.5616,2229,7,706,0
GME,y_dir,random_posts,logreg_newton,day,102,0.5294,0.3462,0.4568,54,0,48,0
GME,y_dir,random_posts,nn_3x256,post,2942,0.7593,0.4316,0.6008,2234,2,706,0
GME,y_dir,random_posts,nn_3x256,day,102,0.5294,0.3462,0.5378,54,0,48,0
GME,y_sig,chronological,random,post,116,0.5345,0.5099,,18,20,34,44
GME,y_sig,chronological,random,day,25,0.56,0.5484,,5,7,4,9
GME,y_sig,chronological,majority,post,116,0.6724,0.4021,,0,38,0,78
GME,y_sig,chronological,majority,day,25,0.52,0.3421,,0,12,0,13
GME,y_sig,chronological,logreg_newton,post,116,0.6379,0.411,0.4615,1,37,5,73
GME,y_sig,chronological,logreg_newton,day,25,0.52,0.3421,0.3846,0,12,0,13
GME,y_sig,chronological,nn_3x256,post,116,0.6034,0.4586,0.5061,5,33,13,65
GME,y_sig,chronological,nn_3x256,day,25,0.48,0.3243,0.3526,0,12,1,12
GME,y_sig,random_posts,random,post,2942,0.5197,0.4479,,234,233,1180,1295
GME,y_sig,random_posts,random,day,102,0.598,0.5977,,32,26,15,29
GME,y_sig,random_posts,majority,post,2942,0.8413,0.4569,,0,467,0,2475
GME,y_sig,random_posts,majority,day,102,0.4314,0.3014,,0,58,0,44
GME,y_sig,random_posts,logreg_newton,post,2942,0.8413,0.4942,0.6884,19,448,19,2456
GME,y_sig,random_posts,logreg_newton,day,102,0.4216,0.3101,0.5682,1,57,2,42
GME,y_sig,random_posts,nn_3x256,post,2942,0.8399,0.4824,0.7846,13,454,17,2458
GME,y_sig,random_posts,nn_3x256,day,102,0.4118,0.2917,0.511,0,58,2,42
GME,y_vol,chronological,random,post,116,0.5431,0.5305,,22,23,30,41
GME,y_vol,chronological,random,day,25,0.6,0.5833,,5,6,4,10
GME,y_vol,chronological,majority,post,116,0.6121,0.3797,,0,45,0,71
GME,y_vol,chronological,majority,day,25,0.56,0.359,,0,11,0,14
GME,y_vol,chronological,logreg_newton,post,116,0.5776,0.4009,0.574,2,43,6,65
GME,y_vol,chronological,logreg_newton,day,25,0.56,0.359,0.5065,0,11,0,14
GME,y_vol,chronological,nn_3x256,post,116,0.5086,0.3909,0.4883,4,41,16,55
GME,y_vol,chronological,nn_3x256,day,25,0.52,0.3421,0.3312,0,11,1,13
GME,y_vol,random_posts,random,post,2942,0.5031,0.4759,,405,453,1009,1075
GME,y_vol,random_posts,random,day,102,0.5392,0.5392,,28,28,19,27
GME,y_vol,random_posts,majority,post,2942,0.7084,0.4146,,0,858,0,2084
GME,y_vol,random_posts,majority,day,102,0.451,0.3108,,0,56,0,46
GME,y_vol,random_posts,logreg_newton,post,2942,0.709,0.4375,0.5878,21,837,19,2065
GME,y_vol,random_posts,logreg_newton,day,102,0.4412,0.3204,0.5936,1,55,2,44
GME,y_vol,random_posts,nn_3x256,post,2942,0.7107,0.4383,0.6219,21,837,14,2070
GME,y_vol,random_posts,nn_3x256,day,102,0.4412,0.3204,0.6328,1,55,2,44
AMC,y_dir,chronological,random,post,129,0.4884,0.4881,,33,42,24,30
AMC,y_dir,chronological,random,day,25,0.52,0.5192,,6,9,3,7
AMC,y_dir,chronological,majority,post,129,0.4186,0.2951,,0,75,0,54
AMC,y_dir,chronological,majority,day,25,0.4,0.2857,,0,15,0,10
AMC,y_dir,chronological,logreg_newton,post,129,0.5504,0.5504,0.5686,35,40,18,36
AMC,y_dir,chronological,logreg_newton,day,25,0.48,0.4767,0.58,5,10,3,7
AMC,y_dir,chronological,nn_3x256,post,129,0.5194,0.4812,0.4832,51,24,38,16
AMC,y_dir,chronological,nn_3x256,day,25,0.48,0.4207,0.52,10,5,8,2
AMC,y_dir,random_posts,random,post,1068,0.5159,0.5094,,214,233,284,337
AMC,y_dir,random_posts,random,day,93,0.5054,0.5007,,19,31,15,28
AMC,y_dir,random_posts,majority,post,1068,0.5815,0.3677,,0,447,0,621
AMC,y_dir,random_posts,majority,day,93,0.4624,0.3162,,0,50,0,43
AMC,y_dir,random_posts,logreg_newton,post,1068,0.6049,0.4808,0.6437,62,385,37,584
AMC,y_dir,random_posts,logreg_newton,day,93,0.5161,0.4679,0.5005,10,40,5,38
AMC,y_dir,random_posts,nn_3x256,post,1068,0.7753,0.7742,0.852,377,70,170,451
AMC,y_dir,random_posts,nn_3x256,day,93,0.5484,0.4256,0.566,47,3,39,4
AMC,y_sig,chronological,random,post,129,0.5194,0.4938,,19,24,38,48
AMC,y_sig,chronological,random,day,25,0.36,0.3333,,2,9,7,7
AMC,y_sig,chronological,majority,post,129,0.6667,0.4,,0,43,0,86
AMC,y_sig,chronological,majority,day,25,0.56,0.359,,0,11,0,14
AMC,y_sig,chronological,logreg_newton,post,129,0.6512,0.4501,0.5308,3,40,5,81
AMC,y_sig,chronological,logreg_newton,day,25,0.6,0.4518,0.5909,1,10,0,14
AMC,y_sig,chronological,nn_3x256,post,129,0.6124,0.491,0.4849,8,35,15,71
AMC,y_sig,chronological,nn_3x256,day,25,0.6,0.4518,0.5325,1,10,0,14
AMC,y_sig,random_posts,random,post,1068,0.5197,0.4764,,124,139,374,431
AMC,y_sig,random_posts,random,day,93,0.4839,0.4736,,16,30,18,29
AMC,y_sig,random_posts,majority,post,1068,0.7537,0.4298,,0,263,0,805
AMC,y_sig,random_posts,majority,day,93,0.5054,0.3357,,0,46,0,47
AMC,y_sig,random_posts,logreg_newton,post,1068,0.7547,0.4411,0.6194,3,260,2,803
AMC,y_sig,random_posts,logreg_newton,day,93,0.4946,0.3309,0.5056,0,46,1,46
AMC,y_sig,random_posts,nn_3x256,post,1068,0.7434,0.5403,0.7634,42,221,53,752
AMC,y_sig,random_posts,nn_3x256,day,93,0.4946,0.3799,0.5328,3,43,4,43
AMC,y_vol,chronological,random,post,129,0.4496,0.4463,,24,38,33,34
AMC,y_vol,chronological,random,day,25,0.44,0.4167,,3,8,6,8
AMC,y_vol,chronological,majority,post,129,0.5194,0.3418,,0,62,0,67
AMC,y_vol,chronological,majority,day,25,0.56,0.359,,0,11,0,14
AMC,y_vol,chronological,logreg_newton,post,129,0.5194,0.4028,0.4974,5,57,5,62
AMC,y_vol,chronological,logreg_newton,day,25,0.52,0.3421,0.4026,0,11,1,13
AMC,y_vol,chronological,nn_3x256,post,129,0.4729,0.469,0.4658,25,37,31,36
AMC,y_vol,chronological,nn_3x256,day,25,0.52,0.4792,0.4675,3,8,4,10
AMC,y_vol,random_posts,random,post,1068,0.5112,0.4688,,122,146,376,424
AMC,y_vol,random_posts,random,day,93,0.4194,0.416,,16,36,18,23
AMC,y_vol,random_posts,majority,post,1068,0.7491,0.4283,,0,268,0,800
AMC,y_vol,random_posts,majority,day,93,0.4409,0.306,,0,52,0,41
AMC,y_vol,random_posts,logreg_newton,post,1068,0.7472,0.4582,0.598,9,259,11,789
AMC,y_vol,random_posts,logreg_newton,day,93,0.4301,0.3297,0.4109,2,50,3,38
AMC,y_vol,random_posts,nn_3x256,post,1068,0.7481,0.6412,0.7893,108,160,109,691
AMC,y_vol,random_posts,nn_3x256,day,93,0.4946,0.4586,0.5661,11,41,6,35
TSLA,y_dir,chronological,random,post,110,0.4455,0.4399,,30,41,20,19
TSLA,y_dir,chronological,random,day,25,0.44,0.4167,,3,11,3,8
TSLA,y_dir,chronological,majority,post,110,0.6455,0.3923,,71,0,39,0
TSLA,y_dir,chronological,majority,day,25,0.56,0.359,,14,0,11,0
TSLA,y_dir,chronological,logreg_newton,post,110,0.6545,0.4194,0.5045,71,0,38,1
TSLA,y_dir,chronological,logreg_newton,day,25,0.56,0.359,0.4416,14,0,11,0
TSLA,y_dir,chronological,nn_3x256,post,110,0.6182,0.4034,0.3958,67,4,38,1
TSLA,y_dir,chronological,nn_3x256,day,25,0.56,0.359,0.2792,14,0,11,0
TSLA,y_dir,random_posts,random,post,249,0.5221,0.5176,,77,83,36,53
TSLA,y_dir,random_posts,random,day,93,0.5484,0.5458,,22,35,7,29
TSLA,y_dir,random_posts,majority,post,249,0.6426,0.3912,,160,0,89,0
TSLA,y_dir,random_posts,majority,day,93,0.6129,0.38,,57,0,36,0
TSLA,y_dir,random_posts,logreg_newton,post,249,0.6265,0.3951,0.4554,155,5,88,1
TSLA,y_dir,random_posts,logreg_newton,day,93,0.5914,0.3716,0.4454,55,2,36,0
TSLA,y_dir,random_posts,nn_3x256,post,249,0.4819,0.45,0.4438,90,70,59,30
TSLA,y_dir,random_posts,nn_3x256,day,93,0.4516,0.4303,0.3908,30,27,24,12
TSLA,y_sig,chronological,random,post,110,0.4818,0.4783,,31,38,19,22
TSLA,y_sig,chronological,random,day,25,0.44,0.4167,,3,11,3,8
TSLA,y_sig,chronological,majority,post,110,0.6273,0.3855,,69,0,41,0
TSLA,y_sig,chronological,majority,day,25,0.56,0.359,,14,0,11,0
TSLA,y_sig,chronological,logreg_newton,post,110,0.5727,0.4435,0.4553,58,11,36,5
TSLA,y_sig,chronological,logreg_newton,day,25,0.52,0.4485,0.4481,11,3,9,2
TSLA,y_sig,chronological,nn_3x256,post,110,0.5455,0.4762,0.5069,50,19,31,10
TSLA,y_sig,chronological,nn_3x256,day,25,0.6,0.566,0.5519,11,3,7,4
TSLA,y_sig,random_posts,random,post,249,0.5141,0.514,,65,73,48,63
TSLA,y_sig,random_posts,random,day,93,0.4946,0.4887,,18,36,11,28
TSLA,y_sig,random_posts,majority,post,249,0.5542,0.3566,,138,0,111,0
TSLA,y_sig,random_posts,majority,day,93,0.5806,0.3673,,54,0,39,0
TSLA,y_sig,random_posts,logreg_newton,post,249,0.5221,0.3775,0.5317,125,13,106,5
TSLA,y_sig,random_posts,logreg_newton,day,93,0.5269,0.3646,0.5199,48,6,38,1
TSLA,y_sig,random_posts,nn_3x256,post,249,0.5382,0.5294,0.5376,84,54,61,50
TSLA,y_sig,random_posts,nn_3x256,day,93,0.5699,0.5686,0.5503,29,25,15,24
TSLA,y_vol,chronological,random,post,110,0.5091,0.5032,,22,26,28,34
TSLA,y_vol,chronological,random,day,25,0.56,0.5331,,4,9,2,10
TSLA,y_vol,chronological,majority,post,110,0.5636,0.3605,,0,48,0,62
TSLA,y_vol,chronological,majority,day,25,0.48,0.3243,,0,13,0,12
TSLA,y_vol,chronological,logreg_newton,post,110,0.5364,0.3491,0.3138,0,48,3,59
TSLA,y_vol,chronological,logreg_newton,day,25,0.48,0.3243,0.1667,0,13,0,12
TSLA,y_vol,chronological,nn_3x256,post,110,0.5364,0.4772,0.5037,11,37,14,48
TSLA,y_vol,chronological,nn_3x256,day,25,0.52,0.4048,0.3846,1,12,0,12
TSLA,y_vol,random_posts,random,post,249,0.49,0.4824,,46,60,67,76
TSLA,y_vol,random_posts,random,day,93,0.4839,0.4561,,12,31,17,33
TSLA,y_vol,random_posts,majority,post,249,0.5743,0.3648,,0,106,0,143
TSLA,y_vol,random_posts,majority,day,93,0.5376,0.3497,,0,43,0,50
TSLA,y_vol,random_posts,logreg_newton,post,249,0.5743,0.3895,0.4912,3,103,3,140
TSLA,y_vol,random_posts,logreg_newton,day,93,0.5269,0.3451,0.4367,0,43,1,49
TSLA,y_vol,random_posts,nn_3x256,post,249,0.494,0.457,0.4854,29,77,49,94
TSLA,y_vol,random_posts,nn_3x256,day,93,0.4731,0.4024,0.4349,6,37,12,38
FB,y_dir,chronological,random,post,36,0.4722,0.4618,,6,12,7,11
FB,y_dir,chronological,random,day,20,0.5,0.4048,,1,7,3,9
FB,y_dir,chronological,majority,post,36,0.5,0.3333,,0,18,0,18
FB,y_dir,chronological,majority,day,20,0.6,0.375,,0,8,0,12
FB,y_dir,chronological,logreg_newton,post,36,0.5,0.3333,0.4383,0,18,0,18
FB,y_dir,chronological,logreg_newton,day,20,0.6,0.375,0.4479,0,8,0,12
FB,y_dir,chronological,nn_3x256,post,36,0.5278,0.4963,0.534,5,13,4,14
FB,y_dir,chronological,nn_3x256,day,20,0.5,0.3333,0.5729,0,8,2,10
FB,y_dir,random_posts,random,post,59,0.5254,0.522,,13,15,13,18
FB,y_dir,random_posts,random,day,48,0.5625,0.553,,10,12,9,17
FB,y_dir,random_posts,majority,post,59,0.5254,0.3444,,0,28,0,31
FB,y_dir,random_posts,majority,day,48,0.5417,0.3514,,0,22,0,26
FB,y_dir,random_posts,logreg_newton,post,59,0.5254,0.3444,0.5311,0,28,0,31
FB,y_dir,random_posts,logreg_newton,day,48,0.5417,0.3514,0.5402,0,22,0,26
FB,y_dir,random_posts,nn_3x256,post,59,0.4237,0.4196,0.5104,10,18,16,15
FB,y_dir,random_posts,nn_3x256,day,48,0.4583,0.4429,0.5315,7,15,11,15
FB,y_sig,chronological,random,post,36,0.3611,0.3485,,4,14,9,9
FB,y_sig,chronological,random,day,20,0.35,0.3067,,1,10,3,6
FB,y_sig,chronological,majority,post,36,0.5,0.3333,,18,0,18,0
FB,y_sig,chronological,majority,day,20,0.55,0.3548,,11,0,9,0
FB,y_sig,chronological,logreg_newton,post,36,0.4722,0.3613,0.571,16,2,17,1
FB,y_sig,chronological,logreg_newton,day,20,0.55,0.4357,0.5556,10,1,8,1
FB,y_sig,chronological,nn_3x256,post,36,0.6667,0.6656,0.6481,11,7,5,13
FB,y_sig,chronological,nn_3x256,day,20,0.7,0.697,0.6162,6,5,1,8
FB,y_sig,random_posts,random,post,59,0.4915,0.4878,,12,16,14,17
FB,y_sig,random_posts,random,day,48,0.4583,0.4497,,8,15,11,14
FB,y_sig,random_posts,majority,post,59,0.4746,0.3218,,28,0,31,0
FB,y_sig,random_posts,majority,day,48,0.4792,0.3239,,23,0,25,0
FB,y_sig,random_posts,logreg_newton,post,59,0.4746,0.3218,0.5196,28,0,31,0
FB,y_sig,random_posts,logreg_newton,day,48,0.4792,0.3239,0.5165,23,0,25,0
FB,y_sig,random_posts,nn_3x256,post,59,0.5593,0.5582,0.5783,18,10,16,15
FB,y_sig,random_posts,nn_3x256,day,48,0.5417,0.5409,0.5739,14,9,13,12
FB,y_vol,chronological,random,post,36,0.6111,0.6099,,10,11,3,12
FB,y_vol,chronological,random,day,20,0.6,0.5604,,3,7,1,9
FB,y_vol,chronological,majority,post,36,0.5833,0.3684,,21,0,15,0
FB,y_vol,chronological,majority,day,20,0.5,0.3333,,10,0,10,0
FB,y_vol,chronological,logreg_newton,post,36,0.5,0.4857,0.5429,12,9,9,6
FB,y_vol,chronological,logreg_newton,day,20,0.6,0.6,0.63,6,4,4,6
FB,y_vol,chronological,nn_3x256,post,36,0.5278,0.4286,0.4317,17,4,13,2
FB,y_vol,chronological,nn_3x256,day,20,0.5,0.4505,0.42,8,2,8,2
FB,y_vol,random_posts,random,post,59,0.4915,0.4902,,13,17,13,16
FB,y_vol,random_posts,random,day,48,0.4792,0.4771,,10,16,9,13
FB,y_vol,random_posts,majority,post,59,0.5085,0.3371,,30,0,29,0
FB,y_vol,random_posts,majority,day,48,0.5417,0.3514,,26,0,22,0
FB,y_vol,random_posts,logreg_newton,post,59,0.5593,0.5435,0.5437,22,8,18,11
FB,y_vol,random_posts,logreg_newton,day,48,0.5417,0.5209,0.5105,18,8,14,8
FB,y_vol,random_posts,nn_3x256,post,59,0.5424,0.5403,0.577,14,16,11,18
FB,y_vol,random_posts,nn_3x256,day,48,0.5417,0.5385,0.5874,11,15,7,15
